orf_id	length_aa	amp_score	net_charge	hydrophobic_ratio	amphipathic_moment	cysteine_count	scoring_criteria
contig_5_s-_f0_orf80	164	8	9	0.494	0.585	2	length_ok;cationic;hydrophobic_ratio;amphipathic;disulfide_potential;not_low_complexity;signal_peptide_like;motif_match
contig_1_s-_f1_orf46	36	8	2	0.583	0.675	2	length_ok;cationic;hydrophobic_ratio;amphipathic;disulfide_potential;not_low_complexity;signal_peptide_like;motif_match
contig_1_s+_f2_orf10	174	8	30	0.494	0.534	8	length_ok;cationic;hydrophobic_ratio;amphipathic;disulfide_potential;not_low_complexity;signal_peptide_like;motif_match
contig_6_s-_f0_orf83	59	8	9	0.492	0.728	4	length_ok;cationic;hydrophobic_ratio;amphipathic;disulfide_potential;not_low_complexity;signal_peptide_like;motif_match
contig_3_s+_f0_orf4	89	8	16	0.494	0.846	2	length_ok;cationic;hydrophobic_ratio;amphipathic;disulfide_potential;not_low_complexity;signal_peptide_like;motif_match
contig_1_s-_f1_orf72	78	8	5	0.462	0.941	2	length_ok;cationic;hydrophobic_ratio;amphipathic;disulfide_potential;not_low_complexity;signal_peptide_like;motif_match
contig_1_s-_f2_orf78	68	8	9	0.574	0.662	2	length_ok;cationic;hydrophobic_ratio;amphipathic;disulfide_potential;not_low_complexity;signal_peptide_like;motif_match
contig_4_s-_f1_orf68	87	8	8	0.437	0.71	2	length_ok;cationic;hydrophobic_ratio;amphipathic;disulfide_potential;not_low_complexity;signal_peptide_like;motif_match
contig_6_s+_f1_orf45	159	8	20	0.509	0.487	2	length_ok;cationic;hydrophobic_ratio;amphipathic;disulfide_potential;not_low_complexity;signal_peptide_like;motif_match
contig_4_s+_f0_orf44	163	8	19	0.466	0.425	2	length_ok;cationic;hydrophobic_ratio;amphipathic;disulfide_potential;not_low_complexity;signal_peptide_like;motif_match
contig_5_s-_f1_orf66	96	8	9	0.479	0.392	6	length_ok;cationic;hydrophobic_ratio;amphipathic;disulfide_potential;not_low_complexity;signal_peptide_like;motif_match
contig_4_s+_f1_orf20	87	7	3	0.598	0.502	1	length_ok;cationic;hydrophobic_ratio;amphipathic;not_low_complexity;signal_peptide_like;motif_match
contig_5_s-_f1_orf53	170	7	19	0.506	0.609	1	length_ok;cationic;hydrophobic_ratio;amphipathic;not_low_complexity;signal_peptide_like;motif_match
contig_1_s-_f1_orf176	99	7	13	0.394	0.429	8	length_ok;cationic;hydrophobic_ratio;amphipathic;disulfide_potential;not_low_complexity;signal_peptide_like
contig_6_s-_f1_orf65	101	7	12	0.406	0.783	2	length_ok;cationic;hydrophobic_ratio;amphipathic;disulfide_potential;not_low_complexity;signal_peptide_like
contig_1_s+_f1_orf7	49	7	8	0.612	0.535	0	length_ok;cationic;hydrophobic_ratio;amphipathic;not_low_complexity;signal_peptide_like;motif_match
contig_1_s+_f0_orf626	147	7	3	0.381	0.576	10	length_ok;cationic;hydrophobic_ratio;amphipathic;disulfide_potential;not_low_complexity;signal_peptide_like
contig_5_s+_f1_orf33	170	7	18	0.524	0.606	0	length_ok;cationic;hydrophobic_ratio;amphipathic;not_low_complexity;signal_peptide_like;motif_match
contig_4_s+_f2_orf58	53	7	6	0.547	0.554	0	length_ok;cationic;hydrophobic_ratio;amphipathic;not_low_complexity;signal_peptide_like;motif_match
contig_3_s+_f2_orf416	138	7	17	0.384	0.577	6	length_ok;cationic;hydrophobic_ratio;amphipathic;disulfide_potential;not_low_complexity;signal_peptide_like
contig_6_s-_f1_orf636	81	7	7	0.383	0.437	4	length_ok;cationic;hydrophobic_ratio;amphipathic;disulfide_potential;not_low_complexity;signal_peptide_like
contig_1_s-_f2_orf298	168	7	18	0.375	0.792	10	length_ok;cationic;hydrophobic_ratio;amphipathic;disulfide_potential;not_low_complexity;signal_peptide_like
contig_4_s-_f0_orf610	174	7	19	0.351	0.559	10	length_ok;cationic;hydrophobic_ratio;amphipathic;disulfide_potential;not_low_complexity;signal_peptide_like
contig_5_s+_f0_orf94	82	7	2	0.451	0.388	4	length_ok;cationic;hydrophobic_ratio;amphipathic;disulfide_potential;not_low_complexity;signal_peptide_like
contig_1_s-_f0_orf588	103	7	9	0.359	0.423	2	length_ok;cationic;hydrophobic_ratio;amphipathic;disulfide_potential;not_low_complexity;signal_peptide_like
contig_5_s-_f2_orf86	135	7	15	0.415	0.827	2	length_ok;cationic;hydrophobic_ratio;amphipathic;disulfide_potential;not_low_complexity;signal_peptide_like
contig_5_s-_f0_orf30	170	7	6	0.471	0.673	5	length_ok;cationic;hydrophobic_ratio;amphipathic;not_low_complexity;signal_peptide_like;motif_match
contig_6_s+_f0_orf161	95	7	5	0.337	0.553	6	length_ok;cationic;hydrophobic_ratio;amphipathic;disulfide_potential;not_low_complexity;signal_peptide_like
contig_3_s+_f2_orf429	92	7	5	0.315	0.569	4	length_ok;cationic;hydrophobic_ratio;amphipathic;disulfide_potential;not_low_complexity;signal_peptide_like
contig_3_s-_f0_orf41	72	7	4	0.486	0.566	4	length_ok;cationic;hydrophobic_ratio;amphipathic;disulfide_potential;not_low_complexity;signal_peptide_like
contig_6_s+_f1_orf47	117	7	16	0.41	0.608	3	length_ok;cationic;hydrophobic_ratio;amphipathic;not_low_complexity;signal_peptide_like;motif_match
contig_6_s+_f1_orf69	99	7	3	0.475	0.618	2	length_ok;cationic;hydrophobic_ratio;amphipathic;disulfide_potential;not_low_complexity;signal_peptide_like
contig_5_s+_f1_orf393	50	7	3	0.38	0.53	2	length_ok;cationic;hydrophobic_ratio;amphipathic;disulfide_potential;not_low_complexity;signal_peptide_like
contig_6_s-_f1_orf550	90	7	6	0.389	0.641	4	length_ok;cationic;hydrophobic_ratio;amphipathic;disulfide_potential;not_low_complexity;signal_peptide_like
contig_5_s-_f1_orf364	36	7	5	0.333	0.431	2	length_ok;cationic;hydrophobic_ratio;amphipathic;disulfide_potential;not_low_complexity;signal_peptide_like
contig_6_s-_f2_orf29	167	7	28	0.395	0.832	3	length_ok;cationic;hydrophobic_ratio;amphipathic;not_low_complexity;signal_peptide_like;motif_match
contig_2_s+_f0_orf81	117	7	10	0.547	0.524	2	length_ok;cationic;hydrophobic_ratio;amphipathic;disulfide_potential;not_low_complexity;signal_peptide_like
contig_6_s+_f0_orf63	102	7	4	0.422	0.71	1	length_ok;cationic;hydrophobic_ratio;amphipathic;not_low_complexity;signal_peptide_like;motif_match
contig_5_s+_f1_orf118	34	7	2	0.382	0.734	2	length_ok;cationic;hydrophobic_ratio;amphipathic;disulfide_potential;not_low_complexity;signal_peptide_like
contig_4_s-_f2_orf122	116	7	7	0.379	0.431	4	length_ok;cationic;hydrophobic_ratio;amphipathic;disulfide_potential;not_low_complexity;signal_peptide_like
contig_1_s-_f2_orf43	126	7	24	0.508	0.5	4	length_ok;cationic;hydrophobic_ratio;amphipathic;disulfide_potential;not_low_complexity;signal_peptide_like
contig_1_s-_f1_orf368	156	7	8	0.327	0.4	8	length_ok;cationic;hydrophobic_ratio;amphipathic;disulfide_potential;not_low_complexity;signal_peptide_like
contig_5_s+_f2_orf27	89	7	15	0.461	0.77	0	length_ok;cationic;hydrophobic_ratio;amphipathic;not_low_complexity;signal_peptide_like;motif_match
contig_4_s-_f0_orf40	176	7	20	0.472	0.646	3	length_ok;cationic;hydrophobic_ratio;amphipathic;not_low_complexity;signal_peptide_like;motif_match
contig_6_s-_f1_orf452	131	7	3	0.412	0.461	6	length_ok;cationic;hydrophobic_ratio;amphipathic;disulfide_potential;not_low_complexity;signal_peptide_like
contig_6_s+_f1_orf60	135	7	9	0.452	0.635	4	length_ok;cationic;hydrophobic_ratio;amphipathic;disulfide_potential;not_low_complexity;motif_match
contig_4_s+_f2_orf61	91	7	7	0.462	0.694	1	length_ok;cationic;hydrophobic_ratio;amphipathic;not_low_complexity;signal_peptide_like;motif_match
contig_3_s+_f0_orf6	42	7	-1	0.5	0.617	2	length_ok;hydrophobic_ratio;amphipathic;disulfide_potential;not_low_complexity;signal_peptide_like;motif_match
contig_1_s+_f2_orf28	147	7	15	0.517	0.772	2	length_ok;cationic;hydrophobic_ratio;amphipathic;disulfide_potential;not_low_complexity;signal_peptide_like
contig_6_s+_f0_orf419	45	7	5	0.422	0.713	2	length_ok;cationic;hydrophobic_ratio;amphipathic;disulfide_potential;not_low_complexity;signal_peptide_like
contig_2_s+_f2_orf2	169	7	4	0.491	0.711	4	length_ok;cationic;hydrophobic_ratio;amphipathic;disulfide_potential;not_low_complexity;signal_peptide_like
contig_5_s+_f1_orf484	105	7	12	0.381	0.754	4	length_ok;cationic;hydrophobic_ratio;amphipathic;disulfide_potential;not_low_complexity;signal_peptide_like
contig_3_s-_f1_orf580	100	7	6	0.42	0.524	4	length_ok;cationic;hydrophobic_ratio;amphipathic;disulfide_potential;not_low_complexity;signal_peptide_like
contig_5_s+_f1_orf74	66	7	4	0.515	0.663	0	length_ok;cationic;hydrophobic_ratio;amphipathic;not_low_complexity;signal_peptide_like;motif_match
contig_2_s+_f1_orf238	139	7	4	0.424	0.45	6	length_ok;cationic;hydrophobic_ratio;amphipathic;disulfide_potential;not_low_complexity;signal_peptide_like
contig_3_s+_f1_orf145	159	7	5	0.428	0.418	8	length_ok;cationic;hydrophobic_ratio;amphipathic;disulfide_potential;not_low_complexity;signal_peptide_like
contig_2_s-_f2_orf295	190	7	4	0.316	0.583	8	length_ok;cationic;hydrophobic_ratio;amphipathic;disulfide_potential;not_low_complexity;signal_peptide_like
contig_5_s-_f0_orf584	172	7	6	0.395	0.758	6	length_ok;cationic;hydrophobic_ratio;amphipathic;disulfide_potential;not_low_complexity;signal_peptide_like
contig_6_s-_f1_orf70	120	6	3	0.483	0.701	1	length_ok;cationic;hydrophobic_ratio;amphipathic;not_low_complexity;motif_match
contig_2_s+_f0_orf181	107	6	14	0.402	0.509	4	length_ok;cationic;hydrophobic_ratio;amphipathic;disulfide_potential;not_low_complexity
contig_6_s+_f2_orf378	178	6	5	0.309	0.518	14	length_ok;cationic;hydrophobic_ratio;amphipathic;disulfide_potential;not_low_complexity
contig_1_s+_f1_orf152	75	6	2	0.36	0.567	4	length_ok;cationic;hydrophobic_ratio;amphipathic;disulfide_potential;not_low_complexity
contig_4_s-_f1_orf55	176	6	11	0.449	0.663	3	length_ok;cationic;hydrophobic_ratio;amphipathic;not_low_complexity;motif_match
contig_3_s+_f0_orf596	148	6	5	0.345	0.507	9	length_ok;cationic;hydrophobic_ratio;amphipathic;not_low_complexity;signal_peptide_like
contig_2_s+_f0_orf34	50	6	9	0.5	0.398	3	length_ok;cationic;hydrophobic_ratio;amphipathic;not_low_complexity;motif_match
contig_1_s+_f1_orf79	26	6	3	0.577	0.403	0	length_ok;cationic;hydrophobic_ratio;amphipathic;signal_peptide_like;motif_match
contig_4_s+_f1_orf219	98	6	6	0.378	0.487	2	length_ok;cationic;hydrophobic_ratio;amphipathic;disulfide_potential;not_low_complexity
contig_3_s+_f1_orf22	157	6	11	0.446	0.649	3	length_ok;cationic;hydrophobic_ratio;amphipathic;not_low_complexity;signal_peptide_like
contig_5_s+_f2_orf311	135	6	3	0.37	0.493	10	length_ok;cationic;hydrophobic_ratio;amphipathic;disulfide_potential;not_low_complexity
contig_1_s-_f1_orf49	68	6	11	0.485	0.615	0	length_ok;cationic;hydrophobic_ratio;amphipathic;not_low_complexity;motif_match
contig_5_s-_f0_orf54	39	6	7	0.436	0.547	1	length_ok;cationic;hydrophobic_ratio;amphipathic;not_low_complexity;motif_match
contig_1_s-_f0_orf474	105	6	3	0.333	0.573	2	length_ok;cationic;hydrophobic_ratio;amphipathic;disulfide_potential;not_low_complexity
contig_2_s-_f2_orf623	198	6	4	0.318	0.832	12	length_ok;cationic;hydrophobic_ratio;amphipathic;disulfide_potential;not_low_complexity
contig_5_s-_f1_orf130	80	6	5	0.3	0.383	8	length_ok;cationic;hydrophobic_ratio;amphipathic;disulfide_potential;not_low_complexity
contig_2_s+_f0_orf275	85	6	6	0.306	0.568	2	length_ok;cationic;hydrophobic_ratio;amphipathic;disulfide_potential;not_low_complexity
contig_3_s-_f2_orf360	149	6	10	0.403	0.662	5	length_ok;cationic;hydrophobic_ratio;amphipathic;not_low_complexity;signal_peptide_like
contig_5_s+_f1_orf19	55	6	-6	0.455	0.479	2	length_ok;hydrophobic_ratio;amphipathic;disulfide_potential;not_low_complexity;motif_match
contig_4_s-_f2_orf93	143	6	6	0.322	0.694	10	length_ok;cationic;hydrophobic_ratio;amphipathic;disulfide_potential;not_low_complexity
contig_4_s-_f0_orf71	169	6	12	0.491	0.56	7	length_ok;cationic;hydrophobic_ratio;amphipathic;not_low_complexity;signal_peptide_like
contig_4_s-_f0_orf442	56	6	2	0.268	0.591	2	length_ok;cationic;amphipathic;disulfide_potential;not_low_complexity;signal_peptide_like
contig_5_s-_f0_orf165	161	6	18	0.304	0.466	12	length_ok;cationic;hydrophobic_ratio;amphipathic;disulfide_potential;not_low_complexity
contig_4_s+_f1_orf283	85	6	13	0.329	0.733	2	length_ok;cationic;hydrophobic_ratio;amphipathic;disulfide_potential;not_low_complexity
contig_6_s-_f0_orf514	62	6	6	0.323	0.467	2	length_ok;cationic;hydrophobic_ratio;amphipathic;disulfide_potential;not_low_complexity
contig_4_s-_f1_orf236	149	6	8	0.356	0.637	8	length_ok;cationic;hydrophobic_ratio;amphipathic;disulfide_potential;not_low_complexity
contig_2_s-_f1_orf16	73	6	13	0.452	0.769	1	length_ok;cationic;hydrophobic_ratio;amphipathic;not_low_complexity;motif_match
contig_5_s+_f2_orf420	148	6	7	0.365	0.506	7	length_ok;cationic;hydrophobic_ratio;amphipathic;not_low_complexity;signal_peptide_like
contig_2_s+_f2_orf451	79	6	3	0.329	0.52	2	length_ok;cationic;hydrophobic_ratio;amphipathic;disulfide_potential;not_low_complexity
contig_6_s-_f0_orf144	108	6	3	0.426	0.835	4	length_ok;cationic;hydrophobic_ratio;amphipathic;disulfide_potential;not_low_complexity
contig_1_s+_f1_orf290	168	6	10	0.411	0.501	7	length_ok;cationic;hydrophobic_ratio;amphipathic;not_low_complexity;signal_peptide_like
contig_6_s+_f0_orf413	63	6	5	0.413	0.632	1	length_ok;cationic;hydrophobic_ratio;amphipathic;not_low_complexity;signal_peptide_like
contig_4_s-_f1_orf168	86	6	17	0.337	0.689	4	length_ok;cationic;hydrophobic_ratio;amphipathic;disulfide_potential;not_low_complexity
contig_4_s-_f0_orf434	115	6	7	0.374	0.469	8	length_ok;cationic;hydrophobic_ratio;amphipathic;disulfide_potential;not_low_complexity
contig_5_s-_f0_orf148	180	6	10	0.361	0.595	11	length_ok;cationic;hydrophobic_ratio;amphipathic;not_low_complexity;signal_peptide_like
contig_5_s-_f0_orf520	123	6	3	0.455	0.498	4	length_ok;cationic;hydrophobic_ratio;amphipathic;disulfide_potential;not_low_complexity
contig_3_s-_f2_orf354	43	6	2	0.442	0.479	2	length_ok;cationic;hydrophobic_ratio;amphipathic;disulfide_potential;not_low_complexity
contig_2_s-_f0_orf154	116	6	4	0.405	0.526	4	length_ok;cationic;hydrophobic_ratio;amphipathic;disulfide_potential;not_low_complexity
contig_4_s+_f1_orf23	46	6	7	0.304	0.686	1	length_ok;cationic;hydrophobic_ratio;amphipathic;not_low_complexity;motif_match
contig_4_s+_f0_orf254	170	6	18	0.312	0.475	12	length_ok;cationic;hydrophobic_ratio;amphipathic;disulfide_potential;not_low_complexity
contig_3_s-_f2_orf201	147	6	11	0.347	0.542	8	length_ok;cationic;hydrophobic_ratio;amphipathic;disulfide_potential;not_low_complexity
contig_4_s+_f2_orf289	162	6	4	0.37	0.35	7	length_ok;cationic;hydrophobic_ratio;amphipathic;not_low_complexity;signal_peptide_like
contig_5_s-_f0_orf398	193	6	12	0.337	0.585	10	length_ok;cationic;hydrophobic_ratio;amphipathic;disulfide_potential;not_low_complexity
contig_3_s-_f1_orf5	110	6	19	0.455	0.697	3	length_ok;cationic;hydrophobic_ratio;amphipathic;not_low_complexity;motif_match
contig_6_s-_f1_orf264	119	6	7	0.336	0.592	3	length_ok;cationic;hydrophobic_ratio;amphipathic;not_low_complexity;signal_peptide_like
contig_4_s+_f0_orf31	83	6	6	0.398	0.565	0	length_ok;cationic;hydrophobic_ratio;amphipathic;not_low_complexity;motif_match
contig_4_s-_f2_orf408	159	6	16	0.346	0.516	6	length_ok;cationic;hydrophobic_ratio;amphipathic;disulfide_potential;not_low_complexity
contig_4_s+_f1_orf26	61	6	4	0.508	0.719	1	length_ok;cationic;hydrophobic_ratio;amphipathic;not_low_complexity;motif_match
contig_4_s+_f2_orf505	139	6	9	0.41	0.46	1	length_ok;cationic;hydrophobic_ratio;amphipathic;not_low_complexity;signal_peptide_like
contig_3_s-_f2_orf271	102	6	3	0.353	0.596	5	length_ok;cationic;hydrophobic_ratio;amphipathic;not_low_complexity;signal_peptide_like
contig_2_s-_f0_orf25	151	6	21	0.43	0.743	4	length_ok;cationic;hydrophobic_ratio;amphipathic;disulfide_potential;not_low_complexity
contig_3_s-_f0_orf247	159	6	15	0.358	0.415	8	length_ok;cationic;hydrophobic_ratio;amphipathic;disulfide_potential;not_low_complexity
contig_5_s-_f2_orf73	152	6	17	0.434	0.728	8	length_ok;cationic;hydrophobic_ratio;amphipathic;disulfide_potential;not_low_complexity
contig_3_s+_f2_orf77	162	6	24	0.457	0.573	5	length_ok;cationic;hydrophobic_ratio;amphipathic;not_low_complexity;signal_peptide_like
contig_4_s-_f2_orf11	61	6	2	0.41	0.445	0	length_ok;cationic;hydrophobic_ratio;amphipathic;not_low_complexity;motif_match
contig_1_s-_f1_orf557	173	6	10	0.37	0.698	13	length_ok;cationic;hydrophobic_ratio;amphipathic;not_low_complexity;signal_peptide_like
contig_4_s+_f1_orf59	135	6	28	0.481	0.569	3	length_ok;cationic;hydrophobic_ratio;amphipathic;not_low_complexity;signal_peptide_like
contig_3_s-_f2_orf545	146	6	7	0.39	0.731	11	length_ok;cationic;hydrophobic_ratio;amphipathic;not_low_complexity;signal_peptide_like
contig_4_s-_f0_orf109	200	6	14	0.33	0.525	14	length_ok;cationic;hydrophobic_ratio;amphipathic;disulfide_potential;not_low_complexity
contig_3_s-_f1_orf64	43	6	5	0.442	0.55	0	length_ok;cationic;hydrophobic_ratio;amphipathic;not_low_complexity;motif_match
contig_2_s-_f0_orf515	80	6	12	0.3	0.684	2	length_ok;cationic;hydrophobic_ratio;amphipathic;disulfide_potential;not_low_complexity
contig_4_s+_f0_orf21	95	6	5	0.579	0.409	1	length_ok;cationic;hydrophobic_ratio;amphipathic;not_low_complexity;signal_peptide_like
contig_6_s+_f0_orf440	69	6	3	0.406	0.657	1	length_ok;cationic;hydrophobic_ratio;amphipathic;not_low_complexity;signal_peptide_like
contig_4_s-_f1_orf38	47	6	15	0.404	0.555	1	length_ok;cationic;hydrophobic_ratio;amphipathic;not_low_complexity;signal_peptide_like
contig_2_s+_f0_orf315	112	6	1	0.366	0.485	4	length_ok;hydrophobic_ratio;amphipathic;disulfide_potential;not_low_complexity;signal_peptide_like
contig_2_s-_f0_orf137	192	6	19	0.349	0.465	10	length_ok;cationic;hydrophobic_ratio;amphipathic;disulfide_potential;not_low_complexity
contig_3_s+_f2_orf441	158	6	25	0.329	0.534	7	length_ok;cationic;hydrophobic_ratio;amphipathic;not_low_complexity;signal_peptide_like
contig_2_s-_f2_orf511	95	6	5	0.463	0.695	4	length_ok;cationic;hydrophobic_ratio;amphipathic;disulfide_potential;not_low_complexity
contig_4_s-_f2_orf17	95	6	7	0.442	0.501	1	length_ok;cationic;hydrophobic_ratio;amphipathic;not_low_complexity;signal_peptide_like
contig_6_s-_f0_orf543	102	6	4	0.373	0.595	4	length_ok;cationic;hydrophobic_ratio;amphipathic;disulfide_potential;not_low_complexity
contig_5_s-_f0_orf57	126	6	16	0.437	0.573	3	length_ok;cationic;hydrophobic_ratio;amphipathic;not_low_complexity;motif_match
contig_6_s-_f0_orf415	91	6	11	0.374	0.663	6	length_ok;cationic;hydrophobic_ratio;amphipathic;disulfide_potential;not_low_complexity
contig_5_s-_f1_orf3	32	6	2	0.594	0.392	1	length_ok;cationic;hydrophobic_ratio;amphipathic;not_low_complexity;signal_peptide_like
contig_2_s-_f2_orf89	147	6	18	0.374	0.555	11	length_ok;cationic;hydrophobic_ratio;amphipathic;not_low_complexity;signal_peptide_like
contig_3_s+_f0_orf224	91	6	8	0.352	0.572	4	length_ok;cationic;hydrophobic_ratio;amphipathic;disulfide_potential;not_low_complexity
contig_4_s+_f0_orf50	89	6	15	0.348	0.562	2	length_ok;cationic;hydrophobic_ratio;amphipathic;disulfide_potential;not_low_complexity
contig_5_s+_f0_orf272	133	6	2	0.383	0.632	6	length_ok;cationic;hydrophobic_ratio;amphipathic;disulfide_potential;not_low_complexity
contig_1_s-_f1_orf544	152	6	3	0.368	0.703	10	length_ok;cationic;hydrophobic_ratio;amphipathic;disulfide_potential;not_low_complexity
contig_4_s+_f2_orf99	39	6	1	0.436	0.544	4	length_ok;hydrophobic_ratio;amphipathic;disulfide_potential;not_low_complexity;signal_peptide_like
contig_5_s+_f1_orf48	111	6	13	0.468	0.881	2	length_ok;cationic;hydrophobic_ratio;amphipathic;disulfide_potential;not_low_complexity
contig_5_s+_f2_orf523	95	6	3	0.368	0.576	2	length_ok;cationic;hydrophobic_ratio;amphipathic;disulfide_potential;not_low_complexity
contig_5_s-_f2_orf214	38	6	2	0.342	0.601	2	length_ok;cationic;hydrophobic_ratio;amphipathic;disulfide_potential;not_low_complexity
contig_6_s-_f2_orf24	80	6	12	0.525	0.589	1	length_ok;cationic;hydrophobic_ratio;amphipathic;not_low_complexity;signal_peptide_like
contig_6_s-_f0_orf347	67	6	5	0.373	0.543	5	length_ok;cationic;hydrophobic_ratio;amphipathic;not_low_complexity;signal_peptide_like
contig_1_s+_f0_orf430	77	6	6	0.442	0.637	2	length_ok;cationic;hydrophobic_ratio;amphipathic;disulfide_potential;not_low_complexity
contig_3_s-_f1_orf595	41	6	5	0.366	0.35	2	length_ok;cationic;hydrophobic_ratio;amphipathic;disulfide_potential;not_low_complexity
contig_4_s-_f1_orf362	153	6	4	0.333	0.412	8	length_ok;cationic;hydrophobic_ratio;amphipathic;disulfide_potential;not_low_complexity
contig_4_s-_f2_orf226	92	6	10	0.304	0.695	8	length_ok;cationic;hydrophobic_ratio;amphipathic;disulfide_potential;not_low_complexity
contig_4_s+_f2_orf14	63	6	5	0.492	0.506	1	length_ok;cationic;hydrophobic_ratio;amphipathic;not_low_complexity;motif_match
contig_6_s-_f1_orf263	195	6	13	0.364	0.462	10	length_ok;cationic;hydrophobic_ratio;amphipathic;disulfide_potential;not_low_complexity
contig_1_s+_f2_orf292	164	6	11	0.372	0.689	12	length_ok;cationic;hydrophobic_ratio;amphipathic;disulfide_potential;not_low_complexity
contig_2_s-_f1_orf491	100	6	9	0.43	0.66	7	length_ok;cationic;hydrophobic_ratio;amphipathic;not_low_complexity;signal_peptide_like
contig_5_s+_f0_orf13	88	6	14	0.443	0.524	3	length_ok;cationic;hydrophobic_ratio;amphipathic;not_low_complexity;motif_match
contig_5_s-_f2_orf607	192	6	19	0.365	0.681	6	length_ok;cationic;hydrophobic_ratio;amphipathic;disulfide_potential;not_low_complexity
contig_4_s+_f0_orf9	96	6	7	0.417	0.449	2	length_ok;cationic;hydrophobic_ratio;amphipathic;disulfide_potential;not_low_complexity
contig_3_s+_f0_orf445	50	6	4	0.3	0.341	6	length_ok;cationic;hydrophobic_ratio;amphipathic;disulfide_potential;not_low_complexity
contig_5_s-_f1_orf51	64	6	9	0.422	0.678	1	length_ok;cationic;hydrophobic_ratio;amphipathic;not_low_complexity;signal_peptide_like
contig_3_s-_f2_orf32	59	6	2	0.559	0.591	3	length_ok;cationic;hydrophobic_ratio;amphipathic;not_low_complexity;signal_peptide_like
contig_6_s+_f1_orf468	125	6	18	0.352	0.462	6	length_ok;cationic;hydrophobic_ratio;amphipathic;disulfide_potential;not_low_complexity
contig_1_s-_f1_orf101	114	6	-3	0.412	0.442	6	length_ok;hydrophobic_ratio;amphipathic;disulfide_potential;not_low_complexity;signal_peptide_like
contig_5_s+_f2_orf162	116	6	3	0.353	0.456	2	length_ok;cationic;hydrophobic_ratio;amphipathic;disulfide_potential;not_low_complexity
contig_4_s+_f0_orf560	128	6	11	0.406	0.434	5	length_ok;cationic;hydrophobic_ratio;amphipathic;not_low_complexity;signal_peptide_like
contig_3_s+_f1_orf35	151	6	1	0.47	0.515	2	length_ok;hydrophobic_ratio;amphipathic;disulfide_potential;not_low_complexity;signal_peptide_like
contig_2_s+_f2_orf624	158	6	5	0.38	0.524	5	length_ok;cationic;hydrophobic_ratio;amphipathic;not_low_complexity;signal_peptide_like
contig_1_s+_f0_orf602	60	6	3	0.317	0.646	3	length_ok;cationic;hydrophobic_ratio;amphipathic;not_low_complexity;signal_peptide_like
contig_6_s-_f2_orf357	172	6	6	0.337	0.554	12	length_ok;cationic;hydrophobic_ratio;amphipathic;disulfide_potential;not_low_complexity
contig_5_s+_f0_orf388	118	6	2	0.373	0.404	6	length_ok;cationic;hydrophobic_ratio;amphipathic;disulfide_potential;not_low_complexity
contig_3_s-_f2_orf211	64	6	6	0.344	0.543	4	length_ok;cationic;hydrophobic_ratio;amphipathic;disulfide_potential;not_low_complexity
contig_1_s-_f1_orf438	110	6	2	0.382	0.513	3	length_ok;cationic;hydrophobic_ratio;amphipathic;not_low_complexity;signal_peptide_like
contig_4_s+_f2_orf426	164	6	15	0.341	0.457	7	length_ok;cationic;hydrophobic_ratio;amphipathic;not_low_complexity;signal_peptide_like
contig_4_s-_f1_orf1	175	6	17	0.44	0.38	5	length_ok;cationic;hydrophobic_ratio;amphipathic;not_low_complexity;motif_match
contig_4_s-_f2_orf622	103	6	1	0.34	0.367	4	length_ok;hydrophobic_ratio;amphipathic;disulfide_potential;not_low_complexity;signal_peptide_like
contig_5_s-_f1_orf39	81	6	0	0.444	0.604	1	length_ok;hydrophobic_ratio;amphipathic;not_low_complexity;signal_peptide_like;motif_match
contig_3_s-_f2_orf85	113	6	19	0.389	0.55	2	length_ok;cationic;hydrophobic_ratio;amphipathic;disulfide_potential;not_low_complexity
contig_4_s+_f1_orf92	200	6	4	0.375	0.677	13	length_ok;cationic;hydrophobic_ratio;amphipathic;not_low_complexity;signal_peptide_like
contig_1_s-_f2_orf564	53	5	0	0.396	0.448	0	length_ok;hydrophobic_ratio;amphipathic;not_low_complexity;signal_peptide_like
contig_3_s+_f0_orf260	120	5	1	0.433	0.462	3	length_ok;hydrophobic_ratio;amphipathic;not_low_complexity;signal_peptide_like
contig_5_s+_f2_orf470	94	5	10	0.351	0.537	5	length_ok;cationic;hydrophobic_ratio;amphipathic;not_low_complexity
contig_3_s-_f1_orf558	111	5	6	0.315	0.418	5	length_ok;cationic;hydrophobic_ratio;amphipathic;not_low_complexity
contig_2_s+_f1_orf401	103	5	9	0.359	0.595	1	length_ok;cationic;hydrophobic_ratio;amphipathic;not_low_complexity
contig_6_s+_f1_orf62	71	5	9	0.394	0.725	0	length_ok;cationic;hydrophobic_ratio;amphipathic;not_low_complexity
contig_1_s-_f0_orf280	35	5	2	0.371	0.416	3	length_ok;cationic;hydrophobic_ratio;amphipathic;not_low_complexity
contig_4_s-_f2_orf121	60	5	-5	0.433	0.391	0	length_ok;hydrophobic_ratio;amphipathic;not_low_complexity;signal_peptide_like
contig_6_s+_f0_orf605	198	5	15	0.328	0.485	15	length_ok;cationic;hydrophobic_ratio;amphipathic;not_low_complexity
contig_3_s+_f0_orf563	83	5	11	0.349	0.725	5	length_ok;cationic;hydrophobic_ratio;amphipathic;not_low_complexity
contig_2_s-_f0_orf635	88	5	4	0.341	0.825	3	length_ok;cationic;hydrophobic_ratio;amphipathic;not_low_complexity
contig_4_s+_f1_orf215	108	5	14	0.352	0.572	7	length_ok;cationic;hydrophobic_ratio;amphipathic;not_low_complexity
contig_3_s+_f1_orf616	96	5	1	0.448	0.529	8	length_ok;hydrophobic_ratio;amphipathic;disulfide_potential;not_low_complexity
contig_3_s-_f1_orf82	80	5	12	0.362	0.868	3	length_ok;cationic;hydrophobic_ratio;amphipathic;not_low_complexity
contig_1_s-_f0_orf132	182	5	18	0.302	0.589	7	length_ok;cationic;hydrophobic_ratio;amphipathic;not_low_complexity
contig_1_s-_f0_orf164	120	5	6	0.325	0.364	9	length_ok;cationic;hydrophobic_ratio;amphipathic;not_low_complexity
contig_3_s+_f0_orf521	112	5	6	0.42	0.53	3	length_ok;cationic;hydrophobic_ratio;amphipathic;not_low_complexity
contig_2_s+_f0_orf140	158	5	5	0.392	0.412	7	length_ok;cationic;hydrophobic_ratio;amphipathic;not_low_complexity
contig_3_s+_f0_orf533	109	5	8	0.394	0.457	7	length_ok;cationic;hydrophobic_ratio;amphipathic;not_low_complexity
contig_1_s-_f2_orf67	63	5	1	0.333	0.479	5	length_ok;hydrophobic_ratio;amphipathic;not_low_complexity;motif_match
contig_2_s-_f0_orf329	159	5	0	0.314	0.342	3	length_ok;hydrophobic_ratio;amphipathic;not_low_complexity;signal_peptide_like
contig_5_s+_f0_orf222	180	5	22	0.378	0.4	7	length_ok;cationic;hydrophobic_ratio;amphipathic;not_low_complexity
contig_6_s+_f2_orf307	161	5	15	0.435	0.448	9	length_ok;cationic;hydrophobic_ratio;amphipathic;not_low_complexity
contig_1_s+_f0_orf216	164	5	5	0.311	0.602	11	length_ok;cationic;hydrophobic_ratio;amphipathic;not_low_complexity
contig_3_s-_f1_orf572	76	5	9	0.395	0.703	0	length_ok;cationic;hydrophobic_ratio;amphipathic;not_low_complexity
contig_1_s-_f0_orf127	132	5	9	0.341	0.241	10	length_ok;cationic;hydrophobic_ratio;disulfide_potential;not_low_complexity
contig_2_s-_f0_orf581	38	5	-1	0.395	0.561	2	length_ok;hydrophobic_ratio;amphipathic;disulfide_potential;not_low_complexity
contig_6_s-_f2_orf570	77	5	-4	0.364	0.459	4	length_ok;hydrophobic_ratio;amphipathic;disulfide_potential;not_low_complexity
contig_4_s-_f1_orf115	101	5	6	0.366	0.679	5	length_ok;cationic;hydrophobic_ratio;amphipathic;not_low_complexity
contig_3_s-_f0_orf124	39	5	-4	0.385	0.597	2	length_ok;hydrophobic_ratio;amphipathic;disulfide_potential;not_low_complexity
contig_6_s-_f1_orf150	82	5	-2	0.341	0.39	6	length_ok;hydrophobic_ratio;amphipathic;disulfide_potential;not_low_complexity
contig_5_s-_f1_orf551	121	5	-1	0.314	0.485	6	length_ok;hydrophobic_ratio;amphipathic;disulfide_potential;not_low_complexity
contig_3_s-_f2_orf12	80	5	4	0.5	0.691	5	length_ok;cationic;hydrophobic_ratio;amphipathic;not_low_complexity
contig_1_s+_f0_orf396	121	5	2	0.322	0.518	5	length_ok;cationic;hydrophobic_ratio;amphipathic;not_low_complexity
contig_1_s+_f1_orf36	28	5	4	0.429	0.359	1	length_ok;cationic;hydrophobic_ratio;amphipathic;not_low_complexity
contig_4_s+_f1_orf123	74	5	-2	0.365	0.47	10	length_ok;hydrophobic_ratio;amphipathic;disulfide_potential;not_low_complexity
contig_3_s-_f1_orf507	146	5	11	0.342	0.628	7	length_ok;cationic;hydrophobic_ratio;amphipathic;not_low_complexity
contig_5_s+_f1_orf91	34	5	2	0.294	0.461	4	length_ok;cationic;amphipathic;disulfide_potential;not_low_complexity
contig_5_s-_f2_orf52	156	5	18	0.442	0.532	5	length_ok;cationic;hydrophobic_ratio;amphipathic;not_low_complexity
contig_4_s-_f2_orf75	39	5	-5	0.513	0.487	0	length_ok;hydrophobic_ratio;amphipathic;not_low_complexity;motif_match
contig_5_s-_f2_orf619	83	5	1	0.373	0.378	2	length_ok;hydrophobic_ratio;amphipathic;disulfide_potential;not_low_complexity
contig_1_s+_f0_orf235	112	5	11	0.366	0.737	3	length_ok;cationic;hydrophobic_ratio;amphipathic;not_low_complexity
contig_6_s-_f2_orf240	88	5	6	0.318	0.406	9	length_ok;cationic;hydrophobic_ratio;amphipathic;not_low_complexity
contig_6_s+_f1_orf182	51	5	7	0.353	0.605	1	length_ok;cationic;hydrophobic_ratio;amphipathic;not_low_complexity
contig_1_s+_f1_orf248	102	5	10	0.284	0.654	6	length_ok;cationic;amphipathic;disulfide_potential;not_low_complexity
contig_1_s-_f0_orf339	37	5	0	0.432	0.461	1	length_ok;hydrophobic_ratio;amphipathic;not_low_complexity;signal_peptide_like
contig_5_s+_f2_orf371	82	5	2	0.39	0.704	1	length_ok;cationic;hydrophobic_ratio;amphipathic;not_low_complexity
contig_4_s+_f0_orf303	113	5	11	0.327	0.601	7	length_ok;cationic;hydrophobic_ratio;amphipathic;not_low_complexity
contig_3_s-_f1_orf535	107	5	4	0.346	0.576	5	length_ok;cationic;hydrophobic_ratio;amphipathic;not_low_complexity
contig_4_s+_f1_orf84	50	5	-2	0.56	0.289	1	length_ok;hydrophobic_ratio;amphipathic;not_low_complexity;motif_match
contig_1_s-_f1_orf508	112	5	14	0.259	0.325	4	length_ok;cationic;amphipathic;disulfide_potential;not_low_complexity
contig_4_s-_f0_orf620	44	5	7	0.295	0.559	2	length_ok;cationic;amphipathic;disulfide_potential;not_low_complexity
contig_1_s+_f2_orf367	59	5	7	0.39	0.504	3	length_ok;cationic;hydrophobic_ratio;amphipathic;not_low_complexity
contig_1_s-_f0_orf518	50	5	-2	0.38	0.368	3	length_ok;hydrophobic_ratio;amphipathic;not_low_complexity;signal_peptide_like
contig_1_s+_f0_orf579	80	5	5	0.338	0.308	3	length_ok;cationic;hydrophobic_ratio;amphipathic;not_low_complexity
contig_6_s+_f1_orf526	161	5	11	0.385	0.567	5	length_ok;cationic;hydrophobic_ratio;amphipathic;not_low_complexity
contig_1_s-_f2_orf184	54	5	6	0.278	0.616	2	length_ok;cationic;amphipathic;disulfide_potential;not_low_complexity
contig_4_s-_f2_orf589	66	5	5	0.364	0.402	3	length_ok;cationic;hydrophobic_ratio;amphipathic;not_low_complexity
contig_6_s-_f0_orf208	143	5	23	0.259	0.549	10	length_ok;cationic;amphipathic;disulfide_potential;not_low_complexity
contig_5_s+_f2_orf542	102	5	4	0.333	0.5	7	length_ok;cationic;hydrophobic_ratio;amphipathic;not_low_complexity
contig_1_s+_f0_orf42	87	5	16	0.46	0.627	3	length_ok;cationic;hydrophobic_ratio;amphipathic;not_low_complexity
contig_4_s-_f2_orf381	159	5	5	0.365	0.599	13	length_ok;cationic;hydrophobic_ratio;amphipathic;not_low_complexity
contig_3_s-_f2_orf436	186	5	10	0.344	0.457	13	length_ok;cationic;hydrophobic_ratio;amphipathic;not_low_complexity
contig_2_s-_f1_orf163	103	5	12	0.33	0.599	3	length_ok;cationic;hydrophobic_ratio;amphipathic;not_low_complexity
contig_2_s-_f1_orf335	55	5	4	0.345	0.535	1	length_ok;cationic;hydrophobic_ratio;amphipathic;not_low_complexity
contig_4_s-_f1_orf409	73	5	6	0.301	0.469	1	length_ok;cationic;hydrophobic_ratio;amphipathic;not_low_complexity
contig_2_s+_f0_orf546	109	5	-5	0.376	0.476	5	length_ok;hydrophobic_ratio;amphipathic;not_low_complexity;signal_peptide_like
contig_4_s+_f0_orf374	166	5	5	0.319	0.605	5	length_ok;cationic;hydrophobic_ratio;amphipathic;not_low_complexity
contig_1_s+_f2_orf96	142	5	7	0.338	0.468	7	length_ok;cationic;hydrophobic_ratio;amphipathic;not_low_complexity
contig_1_s+_f1_orf432	69	5	4	0.333	0.706	7	length_ok;cationic;hydrophobic_ratio;amphipathic;not_low_complexity
contig_4_s+_f0_orf517	190	5	11	0.347	0.498	15	length_ok;cationic;hydrophobic_ratio;amphipathic;not_low_complexity
contig_6_s-_f0_orf277	188	5	2	0.378	0.409	13	length_ok;cationic;hydrophobic_ratio;amphipathic;not_low_complexity
contig_4_s-_f0_orf245	58	5	0	0.31	0.603	6	length_ok;hydrophobic_ratio;amphipathic;disulfide_potential;not_low_complexity
contig_1_s-_f0_orf56	35	5	1	0.4	0.53	0	length_ok;hydrophobic_ratio;amphipathic;not_low_complexity;motif_match
contig_4_s+_f0_orf363	93	5	11	0.355	0.592	9	length_ok;cationic;hydrophobic_ratio;amphipathic;not_low_complexity
contig_6_s+_f1_orf578	140	5	11	0.4	0.584	7	length_ok;cationic;hydrophobic_ratio;amphipathic;not_low_complexity
contig_5_s+_f1_orf259	161	5	4	0.317	0.437	7	length_ok;cationic;hydrophobic_ratio;amphipathic;not_low_complexity
contig_3_s+_f1_orf559	175	5	23	0.354	0.39	3	length_ok;cationic;hydrophobic_ratio;amphipathic;not_low_complexity
contig_6_s-_f1_orf108	64	5	0	0.328	0.538	2	length_ok;hydrophobic_ratio;amphipathic;disulfide_potential;not_low_complexity
contig_4_s-_f0_orf217	153	5	3	0.366	0.536	7	length_ok;cationic;hydrophobic_ratio;amphipathic;not_low_complexity
contig_6_s-_f2_orf600	126	5	7	0.357	0.625	5	length_ok;cationic;hydrophobic_ratio;amphipathic;not_low_complexity
contig_1_s-_f1_orf160	116	5	10	0.388	0.643	5	length_ok;cationic;hydrophobic_ratio;amphipathic;not_low_complexity
contig_3_s-_f0_orf139	144	5	10	0.292	0.447	8	length_ok;cationic;amphipathic;disulfide_potential;not_low_complexity
contig_6_s+_f1_orf136	62	5	5	0.323	0.439	3	length_ok;cationic;hydrophobic_ratio;amphipathic;not_low_complexity
contig_4_s+_f0_orf402	185	5	8	0.249	0.609	6	length_ok;cationic;amphipathic;disulfide_potential;not_low_complexity
contig_1_s+_f0_orf37	165	5	21	0.455	0.702	3	length_ok;cationic;hydrophobic_ratio;amphipathic;not_low_complexity
contig_3_s+_f1_orf153	178	5	13	0.258	0.547	8	length_ok;cationic;amphipathic;disulfide_potential;not_low_complexity
contig_1_s-_f0_orf428	190	5	6	0.395	0.648	9	length_ok;cationic;hydrophobic_ratio;amphipathic;not_low_complexity
contig_3_s-_f0_orf556	90	5	3	0.422	0.376	3	length_ok;cationic;hydrophobic_ratio;amphipathic;not_low_complexity
contig_6_s-_f1_orf590	93	5	11	0.301	0.6	1	length_ok;cationic;hydrophobic_ratio;amphipathic;not_low_complexity
contig_4_s+_f0_orf15	119	5	4	0.387	0.564	5	length_ok;cationic;hydrophobic_ratio;amphipathic;not_low_complexity
contig_5_s+_f0_orf125	177	5	20	0.328	0.492	11	length_ok;cationic;hydrophobic_ratio;amphipathic;not_low_complexity
contig_1_s-_f2_orf316	81	5	-2	0.42	0.571	3	length_ok;hydrophobic_ratio;amphipathic;not_low_complexity;signal_peptide_like
contig_1_s-_f1_orf103	182	5	8	0.374	0.494	3	length_ok;cationic;hydrophobic_ratio;amphipathic;not_low_complexity
contig_4_s+_f1_orf467	199	5	11	0.342	0.352	9	length_ok;cationic;hydrophobic_ratio;amphipathic;not_low_complexity
contig_4_s-_f2_orf538	176	5	12	0.369	0.596	13	length_ok;cationic;hydrophobic_ratio;amphipathic;not_low_complexity
contig_1_s+_f2_orf571	139	5	9	0.324	0.534	9	length_ok;cationic;hydrophobic_ratio;amphipathic;not_low_complexity
contig_2_s-_f0_orf76	72	5	2	0.431	0.822	1	length_ok;cationic;hydrophobic_ratio;amphipathic;not_low_complexity
contig_1_s+_f2_orf509	158	5	4	0.386	0.582	11	length_ok;cationic;hydrophobic_ratio;amphipathic;not_low_complexity
contig_3_s-_f1_orf433	160	5	8	0.312	0.627	7	length_ok;cationic;hydrophobic_ratio;amphipathic;not_low_complexity
contig_6_s-_f2_orf582	38	5	5	0.342	0.363	3	length_ok;cationic;hydrophobic_ratio;amphipathic;not_low_complexity
contig_1_s-_f1_orf318	75	5	1	0.347	0.497	5	length_ok;hydrophobic_ratio;amphipathic;not_low_complexity;signal_peptide_like
contig_1_s-_f0_orf302	81	5	0	0.383	0.473	3	length_ok;hydrophobic_ratio;amphipathic;not_low_complexity;signal_peptide_like
contig_1_s+_f1_orf597	165	5	26	0.37	0.517	7	length_ok;cationic;hydrophobic_ratio;amphipathic;not_low_complexity
contig_3_s-_f0_orf317	52	5	2	0.365	0.461	3	length_ok;cationic;hydrophobic_ratio;amphipathic;not_low_complexity
contig_2_s+_f2_orf540	56	5	0	0.339	0.386	2	length_ok;hydrophobic_ratio;amphipathic;disulfide_potential;not_low_complexity
contig_1_s-_f1_orf422	98	5	-1	0.337	0.607	2	length_ok;hydrophobic_ratio;amphipathic;disulfide_potential;not_low_complexity
contig_6_s-_f0_orf403	116	5	-2	0.414	0.42	6	length_ok;hydrophobic_ratio;amphipathic;disulfide_potential;not_low_complexity
contig_4_s+_f1_orf8	103	5	7	0.388	0.509	5	length_ok;cationic;hydrophobic_ratio;amphipathic;not_low_complexity
contig_5_s+_f0_orf243	170	5	3	0.294	0.675	12	length_ok;cationic;amphipathic;disulfide_potential;not_low_complexity
contig_5_s+_f0_orf519	157	5	1	0.28	0.409	4	length_ok;amphipathic;disulfide_potential;not_low_complexity;signal_peptide_like
contig_2_s-_f2_orf185	153	5	2	0.353	0.43	5	length_ok;cationic;hydrophobic_ratio;amphipathic;not_low_complexity
contig_5_s-_f2_orf87	178	5	19	0.478	0.788	7	length_ok;cationic;hydrophobic_ratio;amphipathic;not_low_complexity
contig_6_s+_f0_orf405	137	4	-7	0.35	0.605	7	length_ok;hydrophobic_ratio;amphipathic;not_low_complexity
contig_2_s+_f1_orf469	92	4	1	0.38	0.659	5	length_ok;hydrophobic_ratio;amphipathic;not_low_complexity
contig_1_s-_f2_orf532	67	4	7	0.269	0.489	5	length_ok;cationic;amphipathic;not_low_complexity
contig_5_s+_f1_orf230	138	4	-7	0.355	0.467	7	length_ok;hydrophobic_ratio;amphipathic;not_low_complexity
contig_6_s+_f1_orf424	59	4	0	0.186	0.385	6	length_ok;amphipathic;disulfide_potential;not_low_complexity
contig_1_s-_f2_orf591	77	4	4	0.26	0.553	3	length_ok;cationic;amphipathic;not_low_complexity
contig_2_s+_f2_orf234	173	4	15	0.266	0.721	9	length_ok;cationic;amphipathic;not_low_complexity
contig_2_s+_f0_orf604	150	4	-3	0.373	0.297	7	length_ok;hydrophobic_ratio;amphipathic;not_low_complexity
contig_2_s-_f1_orf625	87	4	5	0.264	0.372	9	length_ok;cationic;amphipathic;not_low_complexity
contig_2_s-_f0_orf392	103	4	-3	0.32	0.574	5	length_ok;hydrophobic_ratio;amphipathic;not_low_complexity
contig_1_s+_f2_orf567	37	4	0	0.297	0.356	2	length_ok;amphipathic;disulfide_potential;not_low_complexity
contig_1_s-_f1_orf386	100	4	-6	0.38	0.4	3	length_ok;hydrophobic_ratio;amphipathic;not_low_complexity
contig_3_s-_f1_orf418	131	4	1	0.405	0.683	5	length_ok;hydrophobic_ratio;amphipathic;not_low_complexity
contig_2_s-_f2_orf448	118	4	8	0.28	0.815	5	length_ok;cationic;amphipathic;not_low_complexity
contig_3_s-_f2_orf473	80	4	-9	0.388	0.552	9	length_ok;hydrophobic_ratio;amphipathic;not_low_complexity
contig_2_s-_f2_orf337	54	4	0	0.333	0.415	5	length_ok;hydrophobic_ratio;amphipathic;not_low_complexity
contig_6_s+_f0_orf592	108	4	14	0.287	0.449	3	length_ok;cationic;amphipathic;not_low_complexity
contig_6_s-_f1_orf119	31	4	-1	0.355	0.617	1	length_ok;hydrophobic_ratio;amphipathic;not_low_complexity
contig_4_s+_f2_orf18	96	4	8	0.26	0.521	5	length_ok;cationic;amphipathic;not_low_complexity
contig_3_s-_f1_orf134	31	4	3	0.29	0.376	0	length_ok;cationic;amphipathic;not_low_complexity
contig_2_s+_f0_orf614	99	4	-4	0.414	0.499	3	length_ok;hydrophobic_ratio;amphipathic;not_low_complexity
contig_1_s+_f1_orf611	131	4	-3	0.412	0.539	9	length_ok;hydrophobic_ratio;amphipathic;not_low_complexity
contig_4_s-_f1_orf481	69	4	-2	0.406	0.608	3	length_ok;hydrophobic_ratio;amphipathic;not_low_complexity
contig_5_s-_f1_orf344	47	4	1	0.191	0.497	6	length_ok;amphipathic;disulfide_potential;not_low_complexity
contig_1_s-_f2_orf482	30	4	4	0.267	0.459	0	length_ok;cationic;amphipathic;not_low_complexity
contig_1_s+_f1_orf574	45	4	1	0.267	0.473	2	length_ok;amphipathic;disulfide_potential;not_low_complexity
contig_4_s-_f2_orf575	126	4	1	0.341	0.474	13	length_ok;hydrophobic_ratio;amphipathic;not_low_complexity
contig_5_s+_f1_orf281	78	4	1	0.372	0.488	5	length_ok;hydrophobic_ratio;amphipathic;not_low_complexity
contig_2_s-_f1_orf618	151	4	1	0.344	0.561	7	length_ok;hydrophobic_ratio;amphipathic;not_low_complexity
contig_5_s-_f1_orf512	30	4	0	0.433	0.419	1	length_ok;hydrophobic_ratio;amphipathic;not_low_complexity
contig_6_s+_f0_orf282	56	4	1	0.321	0.48	5	length_ok;hydrophobic_ratio;amphipathic;not_low_complexity
contig_3_s-_f1_orf187	37	4	1	0.486	0.296	1	length_ok;hydrophobic_ratio;amphipathic;not_low_complexity
contig_1_s-_f2_orf500	125	4	-4	0.4	0.553	5	length_ok;hydrophobic_ratio;amphipathic;not_low_complexity
contig_6_s+_f0_orf352	122	4	0	0.41	0.639	7	length_ok;hydrophobic_ratio;amphipathic;not_low_complexity
